numero_pedido,cod_cliente,cnpj,nome_cliente,grupo_cliente,regiao,endereco_completo,qtde_itens,peso_itens,latitude,longitude,janela_descarga,anomalia
3738443,182603,61274247000190,MAZZAFERRO IND. COM. PROD. PESCA S/A,Nenhum,0,"Avenida FUNDIBEM, S/N, Jardim Casa Grande, Diadema, São Paulo",6,120.0,-23.7035411,-46.5949433,30,0
3739121,204268,15724330000105,BOMGOSTO ALIMENTAÇÃO LTDA,Nenhum,0,"Rua JAGUARIUNA, 644, DISTR.INDUSTRIAL, Holambra, São Paulo",16,320.0,-22.63306,-47.05556,30,0
3739262,11618,61233151001156,COVABRA SUPERMERCADOS LTDA.,Covabra,0,"Avenida PIO XII, 900, Jardim Porto Alegre, Capivari, São Paulo",19,370.0,-22.995,-47.50778,30,0
3739349,195797,61233151003108,COVABRA SUPERMERCADOS LTDA,Covabra,0,"Rua RUA JUNDIAI, 380, JARDIM PRIMAVERA, Itupeva, São Paulo",33,640.0,-23.1548565,-47.0544653,30,0
3739439,213532,19073771000307,COMERCIALW COM.PRODUTOS PARA RESTAURANTE,Nenhum,0,"Rua PEROLA, 350, JARDIM SANTA ESMERALDA, Hortolândia, São Paulo",210,2026.5,-22.9081539,-47.194098,30,0
3740014,208053,49517627000103,RESTAURANTE LUI E VENTURINE LTDA,Nenhum,0,"Rua MARCIA PIERRONI, 78, ITU NOVO CENTRO, Itu, São Paulo",3,60.0,-23.26417,-47.29917,30,0
3740015,192727,11114172000102,VENTURINE & LUI LTDA - EPP,Nenhum,0,"Rua CRISTOVAO DINIZ, 599, JARDIM DO ESTADIO, Itu, São Paulo",3,60.0,-23.2825872,-47.2874574,30,0
3740016,205634,5897385000155,RODRIGUES & CAMPOS PIZZARIA LTDA,Nenhum,0,"Rua JOAO LEITE, 39, Centro, Boituva, São Paulo",5,100.0,-23.2858028,-47.6746236,30,0
3740119,209833,71676316001975,SUPERMERCADOS MAMBO LTDA.,Mambo,0,"Alameda RIO NEGRO, 1456, Alphaville Industrial, Barueri, São Paulo",16,320.0,-23.51056,-46.87611,30,0
3740169,209744,49120337000121,49.120.337 ROSELAINE BARBOSA CARACA,Nenhum,0,"Avenida ATALAIA DO NORTE, 527, JARDIM CUMBICA (JARDIM PRESIDE, Guarulhos, São Paulo",3,60.0,-23.4532507,-46.4388941,30,0
3740178,214961,57174248000196,FAZENDA CAMPINEIRA RESTAURANTE LTDA,Divino Fogão,0,"Avenida IGUATEMI, 777, Vila Brandina, Campinas, São Paulo",4,80.0,-22.8924024,-47.0272094,30,0
3740194,200751,4059651000108,CENTER CARNES SELECT LTDA,Nenhum,0,"Rua SANTA BERNADETE, 344, Canhema, Diadema, São Paulo",27,520.0,-23.6728106,-46.6037944,30,0
3740196,13733,45543915008247,CARREFOUR COMERCIO E INDUSTRIA LTDA,Carrefour,0,"Rodovia PRESIDENTE CASTELO BRANCO KM 33, SN, Itaqui, Itapevi, São Paulo",35,700.0,-23.54889,-46.93417,30,0
3740197,194202,10900904000127,SALT PIE IND.COM.PROD.ALIM. LTDA,Nenhum,0,"Rua UM, 510, PARQUE DO HORTO, Hortolândia, São Paulo",12,240.0,-22.8535255,-47.1982364,30,0
3740198,13733,45543915008247,CARREFOUR COMERCIO E INDUSTRIA LTDA,Carrefour,0,"Rodovia PRESIDENTE CASTELO BRANCO KM 33, SN, Itaqui, Itapevi, São Paulo",250,5000.0,-23.54889,-46.93417,30,0
3740203,13733,45543915008247,CARREFOUR COMERCIO E INDUSTRIA LTDA,Carrefour,0,"Rodovia PRESIDENTE CASTELO BRANCO KM 33, SN, Itaqui, Itapevi, São Paulo",360,7200.0,-23.54889,-46.93417,30,0
3740204,13733,45543915008247,CARREFOUR COMERCIO E INDUSTRIA LTDA,Carrefour,0,"Rodovia PRESIDENTE CASTELO BRANCO KM 33, SN, Itaqui, Itapevi, São Paulo",67,1005.0,-23.54889,-46.93417,30,0
3740214,204885,28021619000363,MIX VALI COM. DE PRODUTOS ALIMENTICIOS L,ASP,0,"Rua IOLANDA LATORRE CASCALDI, 40, LOTEAMENTO PARQUE DOS CANARIOS, Itatiba, São Paulo",27,540.0,-23.00583,-46.83889,30,0
3740215,211173,50381074000193,ACOUGUE CEARA CORTES LTDA,Nenhum,0,"Rua DOUTOR EUGENIO DA FONSECA, 383, JARDIM AEROPORTO I, Itu, São Paulo",4,80.0,-23.26417,-47.29917,30,0
3740219,7702,52912854000148,CASA DE CARNES DO NELO LTDA,Nenhum,0,"Rua A ESQUINA COM ALAMEDA ALICE, 127, Jardim Convenção, Itu, São Paulo",22,432.0,-23.26417,-47.29917,30,0
3740225,194142,53794749000114,NOVA PARATI PÃES E DOCES LTDA - ME,Nenhum,0,"Avenida EID MANSUR, 18, Parque São George, Cotia, São Paulo",3,60.0,-23.5959976,-46.8511558,30,0
3740228,191873,22938855000109,RESTAURANTE E PIZZARIA MENINOS LTDA,Nenhum,0,"Praça DA INDEPENDENCIA, 218, Centro, Itu, São Paulo",3,60.0,-23.2657218,-47.2983342,30,0
3740232,13376,7626424000105,VIEIRA E LARA SUPERMERCADO LTDA,Nenhum,0,"Avenida CAPITÃO JULIO FRANCO, 390, Rocio, Iguape, São Paulo",12,235.0,-24.70806,-47.55528,30,0
3740236,210137,66888595000503,SUPERMERCADO SERVIDAO LTDA,Rede Servidão,0,"Rua JOSE DO CARMO LEITE, 104, Centro, Caieiras, São Paulo",3,60.0,-23.36417,-46.74056,30,0
3740239,4822,61721734000154,JOSÉ RODRIGUES MERCERIA ME,Nenhum,0,"Avenida FERNANDO COSTA, 2143, Parafuso, Cajati, São Paulo",8,160.0,-24.7297701,-48.135602,30,0
3740240,211870,39324707000199,SUELY MARTINS DE OLIVEIRA LTDA,Nenhum,0,"Rua INDIARA, 375, JD.ANA MARIA, Cajati, São Paulo",15,300.0,-24.7404227,-48.121226,30,0
3740250,214377,8944502000697,EXAMINE SUPERMERCADOS LTDA,Examine,0,"Rodovia CONSTANTE PERUCHI, 677, BAIRRO DO CASCALHO, Cordeirópolis, São Paulo",6,110.0,-22.48194,-47.45667,30,0
3740257,210071,51578571000149,SUPER CM COMPRE MAIS SUPERMERCADO LTDA,Nenhum,0,"Avenida VEREADOR JOSE DONATO, 1385, Vilarejo, Cabreúva, São Paulo",10,200.0,-23.275325,-47.0495177,30,0
3740259,201022,3951495000122,MERCADO PONTO X ITANHAEM EIRELI,Nenhum,0,"Avenida GONCALO MONTEIRO, 625, CIBRATEL II, Itanhaém, São Paulo",6,115.0,-24.2026378,-46.835336,30,0
3740265,213331,54803962000108,RESTAURANTE DO QUEIJEIRO 4 LTDA,Nenhum,0,"Rodovia FERNAO DIAS KM 41,50, S/N, JARDIM DO ALVINOPOLIS, Atibaia, São Paulo",12,230.0,-23.11694,-46.55028,30,0
3740268,207276,48464281000160,CRISPYBOX LTDA,Nenhum,0,"Rua BRASIL, 171, Atibaia Jardim, Atibaia, São Paulo",6,120.0,-23.1270049,-46.557701,30,0
3740285,14415,5910352000106,F.A.B PÃES & DOCES 39 LTDA ME,Nenhum,0,"Avenida IVO MARIO ISAAC PIRES, 10/1,  Das Pedras, Cotia, São Paulo",3,60.0,-23.6277066,-46.9854168,30,0
3740291,10855,73053498000124,ERENITO COMERCIO DE PASTEL LTDA,Nenhum,0,"Rua CANA VERDE, 110, JARDIM SILVESTRE, Itaquaquecetuba, São Paulo",3,60.0,-23.48611,-46.34833,30,0
3740300,190371,2022595000101,RIO DAS PEDRAS COM. DE HORTIFRUTIGRANJEI,Nenhum,0,"Rua DOUTOR ALBERTO GALLO, 226, CIDADE UNIVERSITARIA II, Campinas, São Paulo",5,100.0,-22.90556,-47.06083,30,0
3740329,177692,5110816000191,CARLOS EDUARDO KIRSTEN SANCHES - ME,Nenhum,0,"Rua JOAO MARIANO FERREIRA, 164, Centro, Itanhaém, São Paulo",16,320.0,-24.18306,-46.78889,30,0
3740330,177692,5110816000191,CARLOS EDUARDO KIRSTEN SANCHES - ME,Nenhum,0,"Rua JOAO MARIANO FERREIRA, 164, Centro, Itanhaém, São Paulo",1,20.0,-24.18306,-46.78889,30,0
3740331,6708,859326000179,G.M.OMINE QUITANDÃO LTDA -  EPP,Nenhum,0,"Rua BANDEIRANTES, 605, João B.Julião, Guarujá, São Paulo",10,200.0,-23.9830219,-46.2060406,30,0
3740337,209311,11813940000116,GIRASSOL SERVICOS DE ALIMENTACAO LTDA,Nenhum,0,"Estrada GOVERNO, DO, s/n, Pouso Alegre, Franco da Rocha, São Paulo",25,500.0,-23.3344663,-46.7254136,30,0
3740342,12438,5690736000152,ANGELA EMICO HONDA MERCEARIA ME,Nenhum,0,"Rua Major Murzilho, 96, Centro, Bom Jesus dos Perdões, São Paulo",14,280.0,-23.135,-46.46528,30,0
3740348,194998,14223367000189,SUPERMERCADO PETEKO LTDA,Nenhum,0,"Estrada MUNICIPAL DO CAPUTERA, 333, RESSACA, Cotia, São Paulo",5,100.0,-23.60389,-46.91917,30,0
3740350,202109,21138006000108,R.M MUNIZ E CARNEIRO CARNES LTDA,Nenhum,0,"Rua CHILE, 250, Jd.Cardoso de Freitas, Cajati, São Paulo",31,620.0,-24.7204053,-48.0979843,30,0
3740357,197502,32162092000100,BG NORTE ALIMENTOS LTDA,Nenhum,0,"Rodovia AYRTON SENNA DA SILVA, SN, JARDIM MARIA ELIZA, Itaquaquecetuba, São Paulo",7,140.0,-23.48611,-46.34833,30,0
3740359,204079,43290707000192,CGF CALIMERIO GARCIA FILHO LTDA,Nenhum,0,"Rua ANTONIO FURQUIM, 220, JACARE, Cabreúva, São Paulo",3,60.0,-23.2460826,-47.0575519,30,0
3740368,203961,6335956000120,MERCADO SANTA ELIZA LTDA,Nenhum,0,"Rodovia MARIO TONOLI, 177, EST.HIDRO MINERAL SANTA ELIZA, Itupeva, São Paulo",7,140.0,-23.15306,-47.05778,30,0
3740373,199483,21010503000975,CENTRO DE DISTRIB. REDE KRILL LTDA,Krill,0,"Avenida MARTINS FONTES, 1101, Vila Nova, Cubatão, São Paulo",3,60.0,-23.895,-46.42528,30,0
3740375,199485,21010503001009,CENTRO DE DISTRIB. REDE KRILL LTDA,Krill,0,"Rua DOS FUNDADORES, 463, PRAIA DO SONHO, Itanhaém, São Paulo",3,60.0,-24.18306,-46.78889,30,0
3740382,12118,66609546000152,SUPERMERCADO TAKAGI LTDA ME.,Nenhum,0,"Avenida Independencia, 1136, Rocio, Cananéia, São Paulo",7,130.0,-25.0069457,-47.9313292,30,0
3740389,199507,21010503001785,CENTRO DE DISTRBUIÇÃO REDE KRILL LTDA,Krill,0,"Avenida APROVADA 294, 775, Boraceia, Bertioga, São Paulo",3,60.0,-23.85444,-46.13861,30,0
3740390,199508,21010503001866,CENTRO DE DISTRIBUIÇÃO REDE KRILL LTDA,Krill,0,"Avenida JOAQUIM JORGE PERALTA, 166, PARQUE SAO LUIS, Cubatão, São Paulo",3,60.0,-23.895,-46.42528,30,0
3740391,199510,21010503001947,CENTRO DE DISTRIBUIÇÃO REDE KRILL LTDA,Krill,0,"Avenida DOS CAICARAS, 1682, Jardim Las Palmas, Guarujá, São Paulo",3,60.0,-23.9999291,-46.273905,30,0
3740393,199511,21010503001432,CENTRO DE DISTRIB. REDE KRILL LTDA,Krill,0,"Avenida ANCHIETA, 2300, ALBATROZ, Bertioga, São Paulo",3,60.0,-23.8376018,-46.1298621,30,0
3740394,190014,9116528000103,MINI MERCADO IBIRAPUERA EIRELI ME,Nenhum,0,"Rua Ibirapuera, 20, Parque Jurema, Guarulhos, São Paulo",3,60.0,-23.4465622,-46.4110879,30,0
3740396,194917,1129624000176,CASA DE CARNES IRMÃOS RUSCONI LTDA,Nenhum,0,"Rua AMARO J ANDRADE, 428, JD.MARIA PAULINA, Boituva, São Paulo",14,270.0,-23.28333,-47.67222,30,0
3740397,194851,12038869000104,C.ANALIA SUPERMERCADO LTDA,Nenhum,0,"Rua ALAGOINHA, 998, Jardim Mutinga, Barueri, São Paulo",12,240.0,-23.5055776,-46.8092969,30,0
3740399,3837,62590641000109,L.E. COMERCIO DE CARNES LTDA - ME,Nenhum,0,"Avenida CACHOEIRA, 125, Vl. Pindorama, Barueri, São Paulo",15,300.0,-23.4903445,-46.8786169,30,0
3740437,215104,59007557000105,AMIGO CHURRASQUEIRO COMERCIO DE CARNES L,Nenhum,0,"Rua MARECHAL DEODORO DA FONSECA, 240, Centro, Cabreúva, São Paulo",5,90.0,-23.3069129,-47.1334429,30,0
3740438,214904,58539253000118,58.539.253 NATIANO ROCHA SILVA,Nenhum,0,"Rua SAO LUCAS EVANGELISTA, 236, JARDIM CIBELE, Carapicuíba, São Paulo",5,100.0,-23.52272,-46.835,30,0
3740444,194177,27461192000190,CASA CARNES MENDES E GONÇALVES LTDA - ME,Nenhum,0,"Avenida PASCHOAL SANTI, 957, Vilarejo, Cabreúva, São Paulo",11,207.0,-23.2755188,-47.0599521,30,0
3740455,199483,21010503000975,CENTRO DE DISTRIB. REDE KRILL LTDA,Krill,0,"Avenida MARTINS FONTES, 1101, Vila Nova, Cubatão, São Paulo",25,500.0,-23.895,-46.42528,30,0
3740456,199509,21010503001351,CENTRO DE DISTRIB. REDE KRILL LTDA,Krill,0,"Avenida SANTOS DUMONT, 1503, SITIO PAECARA (VICENTE DE CARV, Guarujá, São Paulo",8,160.0,-23.9540438,-46.2912372,30,0
3740457,199511,21010503001432,CENTRO DE DISTRIB. REDE KRILL LTDA,Krill,0,"Avenida ANCHIETA, 2300, ALBATROZ, Bertioga, São Paulo",8,160.0,-23.8376018,-46.1298621,30,0
3740463,199507,21010503001785,CENTRO DE DISTRBUIÇÃO REDE KRILL LTDA,Krill,0,"Avenida APROVADA 294, 775, Boraceia, Bertioga, São Paulo",25,500.0,-23.85444,-46.13861,30,0
3740464,199508,21010503001866,CENTRO DE DISTRIBUIÇÃO REDE KRILL LTDA,Krill,0,"Avenida JOAQUIM JORGE PERALTA, 166, PARQUE SAO LUIS, Cubatão, São Paulo",15,300.0,-23.895,-46.42528,30,0
3740465,199510,21010503001947,CENTRO DE DISTRIBUIÇÃO REDE KRILL LTDA,Krill,0,"Avenida DOS CAICARAS, 1682, Jardim Las Palmas, Guarujá, São Paulo",10,200.0,-23.9999291,-46.273905,30,0
3740468,192324,7732866000136,ANTONELLI SUPERMERCADO LTDA,Antonelli,0,"Rua SOLDADO CONSTITUCIONALISTA, 54, Jardim Soares, Itapira, São Paulo",12,264.0,-22.43611,-46.82167,30,0
3740474,199002,62220637000140,CENTRO ESP. NOSSO LAR C. ANDRÉ LUIZ,Nenhum,0,"Avenida ANDRE LUIS, 723, PICANCO, Guarulhos, São Paulo",8,160.0,-23.4390401,-46.5454237,30,0
3740482,209096,43391097000113,F DOS SANTOS FREIRE,Nenhum,0,"Avenida TANCREDO NEVES, 1041, Cachoeira, Guarujá, São Paulo",12,240.0,-23.99306,-46.25639,30,0
3740483,200044,53343661000186,CASA CARNES NATAN LTDA,Nenhum,0,"Rua NICARAGUA, 307, N EUROPA, Campinas, São Paulo",8,155.0,-22.932135,-47.0672406,30,0
3740486,197521,31908033000168,BG LESTE ALIMENTOS LTDA,Nenhum,-1,"Rodovia AYRTON SENNA DA SILVA, SN, VILA ANNY, Guarulhos, São Paulo",11,220.0,,,30,0
3740490,214253,13759045000609,VILA ZAIRA HORTIFRUTI LTDA,Rede Sitio Verde,0,"Rua CONSTANCIO COLALILO, 630, Vila Augusta, Guarulhos, São Paulo",6,110.0,-23.4830163,-46.5375843,30,0
3740491,190081,13759045000358,VILA ZAIRA HORTIFRUTI LTDA,Rede Sitio Verde,0,"Avenida SALGADO FILHO, 1536, Centro, Guarulhos, São Paulo",2,40.0,-23.4644593,-46.5303663,30,0
3740492,190081,13759045000358,VILA ZAIRA HORTIFRUTI LTDA,Rede Sitio Verde,0,"Avenida SALGADO FILHO, 1536, Centro, Guarulhos, São Paulo",5,100.0,-23.4644593,-46.5303663,30,0
3740493,190081,13759045000358,VILA ZAIRA HORTIFRUTI LTDA,Rede Sitio Verde,0,"Avenida SALGADO FILHO, 1536, Centro, Guarulhos, São Paulo",3,55.0,-23.4644593,-46.5303663,30,0
3740506,12194,5218394000172,INTEGRAL ALIMENTAÇÃO COM.E SERVIÇOS LTDA,Nenhum,0,"Estrada FERNANDO NOBRE, 283/487, PARQUE RINCAO, Cotia, São Paulo",1,20.0,-23.60389,-46.91917,30,0
3740512,191282,17114475000101,L.F.DUARTE & CIA LTDA - ME,Nenhum,0,"Rua HAMLETO MENQUINI, 41, PARQUE RES.POTIGUARA, Itu, São Paulo",12,240.0,-23.26417,-47.29917,30,0
3740516,12194,5218394000172,INTEGRAL ALIMENTAÇÃO COM.E SERVIÇOS LTDA,Nenhum,0,"Rua LUIS VAZ DE CAMOES, 177, Cumbica, Guarulhos, São Paulo",1,20.0,-23.46667,-46.46667,30,0
3740518,13759,6342246000128,IRENE LUCIA PEREIRA,Nenhum,0,"Rua JOAO FELIZARDO, 477, Vila Antunes, Cajati, São Paulo",8,160.0,-24.7323312,-48.1103442,30,0
3740519,9522,4306951000144,JORGE NILSON SCHEMER ME,Nenhum,0,"Rua Andradina, 178, Cidade Nova I, Itu, São Paulo",6,120.0,-23.26417,-47.29917,30,0
3740521,187998,11971667000158,J.J.S COMERCIAL DE ALIMENTOS LTDA-ME,Nenhum,0,"Avenida MAJOR ANTONIO DA SILVEIRA CAMARGO, 148, Centro, Cabreúva, São Paulo",6,100.0,-23.3054129,-47.133016,30,0
3740523,205561,17322763000313,MERCADO UNIAO DE ITUPEVA LTDA,Nenhum,0,"Rua ALEXANDRINA MATHIAS DE OLIVEIRA, 77, PARQUE DAS HORTENSIAS, Itupeva, São Paulo",10,185.0,-23.15306,-47.05778,30,0
3740526,12194,5218394000172,INTEGRAL ALIMENTAÇÃO COM.E SERVIÇOS LTDA,Nenhum,0,"Avenida VASCO MASSAFELI, 1010, JARDIM MARIA TEREZA, Cotia, São Paulo",3,60.0,-23.60389,-46.91917,30,0
3740531,12038,63960004945,WAL MART DO BRASIL LTDA,Sam`s,0,"Rodovia REGIS BITENCOURT KM 293,5, S/N, POTUPEVA, Itapecerica da Serra, São Paulo",74,1460.0,-23.71694,-46.84917,30,0
3740533,210855,39456953000102,LANCHONETE OKAJIMA LTDA,Nenhum,0,"Rua COAPA, 109, JARDIM LEONOR, Cotia, São Paulo",10,200.0,-23.6100554,-46.9326524,30,0
3740537,203447,46112942000162,R.S.BUENO & CIA LTDA,Nenhum,0,"Avenida WENCESLAU BRAZ, 640, VILA POPULAR, Itapetininga, São Paulo",14,280.0,-23.563419,-48.0152876,30,0
3740538,203393,46112942000243,R S BUENO & CIA LTDA,Nenhum,0,"Rua ARY DE ALMEIDA, 71, CAMBUI, Itapetininga, São Paulo",11,210.0,-23.59167,-48.05306,30,0
3740544,204962,45578450000102,CENTER CARNES QUALITY LTDA,Nenhum,0,"Avenida DONA GERTRUDES, 1127, ALVINOPOLIS, Atibaia, São Paulo",4,80.0,-23.1244356,-46.5647979,30,0
3740545,194237,2702956000160,SUPERMERCADO PERNAMBUCO LTDA,Nenhum,0,"Rua PROFESSOR TOLEDO, 194, Centro, Araçoiaba da Serra, São Paulo",16,310.0,-23.5050525,-47.6182181,30,0
3740552,196663,17322763000232,MERCADO UNIÃO DE ITUPEVA LTDA,Nenhum,0,"Rua ALFREDO CARLOS SAO JOSE, 47, JD EUROPA, Itupeva, São Paulo",9,180.0,-23.15306,-47.05778,30,0
3740553,161901,5422192000148,SUPERMERCADO CENTRAL CAJAMAR LTDA,Nenhum,0,"Praça BENEDITO MARTINS DA CRUZ, 20, Centro, Cajamar, São Paulo",7,140.0,-23.35611,-46.87694,30,0
3740554,3062,54313374000196,SUPERMERCADO MAGNATA LTDA.,Nenhum,0,"Rua Minas Gerais, 300, Vila Boa Vista, Barueri, São Paulo",11,215.0,-23.5011283,-46.8754334,30,0
3740562,192266,17178798000169,MERC.E AÇOUGUE SOBERANO LTDA,Nenhum,0,"Avenida VINICIUS DE MORAES, 143, VILA SAO PAULO, Ferraz de Vasconcelos, São Paulo",6,120.0,-23.5578807,-46.3669865,30,0
3740565,218,67393207000144,CASA DE CARNES NOVA SUBLIME LTDA - ME,Nenhum,0,"Avenida JOAO PAULO ABLAS, 45, Jardim da Glória, Cotia, São Paulo",11,220.0,-23.5977232,-46.8415226,30,0
3740573,213091,17322763000585,MERCADO UNIAO DE ITUPEVA LTDA,Nenhum,0,"Rua SANTA CLARA, 175, Residencial Santo Antonio, Itupeva, São Paulo",4,80.0,-23.1624922,-47.0454896,30,0
3740574,181657,13759045000196,VILA ZAIRA HORTIFRUTI LTDA,Rede Sitio Verde,0,"Avenida ONZE DE AGOSTO, 256, Jd. Zaira, Guarulhos, São Paulo",8,155.0,-23.4644112,-46.5364085,30,0
3740581,189096,17016832000107,AMERICAN STEAK LTDA,Nenhum,0,"Rua ANTONIO JOAQUIM LEME, 02, Vila Prudente de Moraes, Itu, São Paulo",8,150.0,-23.285001,-47.2893848,30,0
3740582,200602,7751737000195,GIPA COZINHA INDUSTRIAL LTDA,Nenhum,0,"Rua PREFEITO JOSE CARLOS, 962, JD SANTA JULIA, Itupeva, São Paulo",3,60.0,-23.1553979,-47.046005,30,0
3740584,191714,4152923000110,JOSÉ MARIA SOARES DA SILVA,Nenhum,0,"Rua CAMPINA GRANDE DO SUL, 237, Jardim Centenario, Guarulhos, São Paulo",15,300.0,-23.46278,-46.53333,30,0
3740588,12505,3922786000192,CONVEM SUPERMERCADOS LTDA.,Convém,0,"Avenida WALTER ENGRACIA DE OLIVEIRA, 39, Estancia Lynce, Atibaia, São Paulo",4,75.0,-23.1249196,-46.5512118,30,0
3740589,178735,97536721000152,SUPERMERCADO CONVEM DE PERDÕES LTDA,Convém,0,"Rua 21 DE ABRIL, 470, Centro, Bom Jesus dos Perdões, São Paulo",4,70.0,-23.135,-46.46528,30,0
3740595,13947,49187917000136,RESTAURANTE BAMBUZAL LTDA-EPP,Nenhum,0,"Rua CAV NAMI JAFET, 145, Centro, Guarujá, São Paulo",5,100.0,-23.99306,-46.25639,30,0
3740601,188155,20248913000139,CONVEM SUPERMERCADOS DE BRAGANÇA LTDA,Convém,0,"Avenida SALVADOR MARKOWICZ, 339, Lagos de Santa Helena, Bragança Paulista, São Paulo",4,75.0,-22.9806161,-46.5299192,30,0
3740603,10715,3616124000194,MANOEL BARBOSA DE ALENCAR ME,Nenhum,0,"Avenida INDEPENDENCIA, 278, Rocio, Cananéia, São Paulo",11,205.0,-25.0069457,-47.9313292,30,0
3740612,205679,26422161000167,ESPETINHOS DO MINEIRO COMERCIO LTDA,Nenhum,0,"Rua HOLANDESA, 150, CIDADE JARDIM CUMBICA (JARDIM, Guarulhos, São Paulo",3,60.0,-23.46278,-46.53333,30,0
3740615,202975,22341181000152,CARNES NOBRES RANCHO GRANDE LTDA,Nenhum,0,"Rua ANTONIO JOAQUIM LEME, 2, Vila Prudente de Moraes, Itu, São Paulo",5,93.0,-23.285001,-47.2893848,30,0
3740621,190174,17793656000101,NOVA MONTALEGRE EIRELI ME,Gonçalves Barroso,0,"Avenida Professor José Munhoz, 685, Jardim Munhoz, Guarulhos, São Paulo",7,140.0,-23.46278,-46.53333,30,0
3740624,12977,9376437000107,W & W BOULEVARD COMÉRCIO DE ALIM. LTDA.,Rede BIG,0,"Avenida ALFREDO ANDRÉ, 905, Jardim Brasil, Atibaia, São Paulo",5,100.0,-23.11694,-46.55028,30,0
3740625,13323,9376437000280,W & W BOULEVARD COM. ALIMENTOS LTDA,Rede BIG,0,"Rua ADOLFO ANDRE, 100, Centro, Atibaia, São Paulo",6,120.0,-23.1129695,-46.5555231,30,0
3740626,187884,16960314000176,B.S COPACABANA COM.DE ALIMENTOS LTDA,Rede BIG,0,"Avenida PREFEITO ANTONIO J.TOLEDO GARCIA LOPES, 1525, Jd.das Cerejeiras, Atibaia, São Paulo",7,135.0,-23.11694,-46.55028,30,0
3740627,187886,9376437000360,W & W BOULEVARD COM.DE ALIMENTOS LTDA,Rede BIG,0,"Avenida DA SAUDADE, 61, Centro, Atibaia, São Paulo",6,120.0,-23.1159122,-46.5488536,30,0
3740630,200510,22668523000143,FABIOLA M. HARAGUTI CAMARGO 27392429809,Nenhum,0,"Rua JOSE OLIVA MELO, 85, Centro, Biritiba-Mirim, São Paulo",8,160.0,-23.5731197,-46.0391715,30,0
3740633,191599,18021688000151,MERCEARIA D.A. BASTOS - EIRELI - ME,Nenhum,0,"Rua ANTONIO BARACAL, 561, MORRINHOS I, Guarujá, São Paulo",5,100.0,-23.9611553,-46.2525505,30,0
3740636,187885,16960314000257,B.S COPACABANA COM.DE ALIMENTOS LTDA,Rede BIG,0,"Rua JAPÃO, 37, Jd.Imperial, Atibaia, São Paulo",6,120.0,-23.11694,-46.55028,30,0
3740637,11998,5927276000133,MITSUE WATANABE SUPERMERCADO,Rede BIG,0,"Avenida SÃO JOÃO, 1115, Centro, Atibaia, São Paulo",6,120.0,-23.1132176,-46.5569796,30,0
3740646,9888,63960003973,WAL MART DO  BRASIL LTDA,Sam`s,0,"Avenida TUCUNARE, 80, TAMBORE, Barueri, São Paulo",18,360.0,-23.51056,-46.87611,30,0
3740647,193007,1444210000999,COMERCIO DE ALIMENTOS ALVES E FARIAS LTD,Rede Parana,0,"Rua MAGALI WASSEL, 25, Jardim Itacolomi, Itapevi, São Paulo",94,1850.0,-23.54889,-46.93417,30,0
3740649,3416,2862774000157,ZEUS BAR E RESTAURANTE LTDA LTDA,Nenhum,0,"Avenida DOUTOR ERMILINDO MAFFEI, 1199, SAO LUIZ, Itu, São Paulo",3,60.0,-23.26417,-47.29917,30,0
3740652,5319,4202752000196,CHURRASCARIA E PIZZARIA ITUANA LTDA EPP,Nenhum,0,"Avenida Nove de Julho, 600, Vila Padre Bento, Itu, São Paulo",14,260.0,-23.2558383,-47.3125982,30,0
3740656,12976,9532081000145,SUPERMERCADO ONO COMPACTO LTDA  EPP,Rede BIG,0,"Rua NELLO BACCI, 121, TANQUE, Atibaia, São Paulo",6,120.0,-23.0445236,-46.5692836,30,0
3740657,203478,40852213000166,BIG SM COMERCIO DE ALIMENTOS LTDA,Rede BIG,0,"Rua JACI, 60, JD DO LAGO, Atibaia, São Paulo",5,100.0,-23.11694,-46.55028,30,0
3740658,201468,35929117000210,BW COM. ALIMENTOS LTDA,Rede BIG,0,"Avenida DOS IMIGRANTES, 2400, JARDIM AMERICA, Bragança Paulista, São Paulo",6,120.0,-22.9521237,-46.546414,30,0
3740659,205176,9532081000307,SUPERMERCADO ONO COMPACTO LTDA,Rede BIG,0,"Rua ANTONIO CUNHA LEITE, 2458, PORTAO, Atibaia, São Paulo",6,120.0,-23.2058183,-46.5886085,30,0
3740660,210955,51158802000165,EMPORIO FLAMBOYANT COMERCIO DE ALIMENTOS,Nenhum,0,"Avenida SANTANA, 2813, NOVA GARDENIA, Atibaia, São Paulo",5,100.0,-23.11694,-46.55028,30,0
3740661,12591,63960007103,WAL MART DO BRASIL LTDA,Sam`s,0,"Rodovia RAPOSO TAVARES, 23033, Granja Viana, Cotia, São Paulo",14,280.0,-23.5996855,-46.8473029,30,0
3740663,12942,8681896000123,ANAS FERIOZZI RESTAURANTE LTDA,Nenhum,0,"Avenida DOUTOR ERMELINDO MAFFEI, 1199, SAO LUIZ, Itu, São Paulo",4,80.0,-23.2642243,-47.280937,30,0
3740665,193016,1444210000484,COMERCIO DE ALIMENTOS ALVES E FARIAS LTD,Rede Parana,0,"Estrada DO COPIUVA, 1985, Vila da Oportunidade, Carapicuíba, São Paulo",72,1440.0,-23.5539916,-46.8262051,30,0
3740667,192848,10527727000185,SCHNEIDER & COINASKI LTDA - ME,Nenhum,0,"Avenida DR. ERMELINDO MAFFEI, 734, SAO LUIZ, Itu, São Paulo",6,120.0,-23.2645744,-47.2828289,30,0
3740669,9535,6263725000159,T.F.MIRANDA MERCADO - ME,Nenhum,0,"Avenida MARANHAO, 235, Parque Paraíso, Itapecerica da Serra, São Paulo",15,275.0,-23.711478,-46.8570274,30,0
3740671,194615,1444210001103,COMERCIO DE ALIMENTOS ALVES E FARIAS LTD,Rede Parana,0,"Rodovia ENGENHEIRO RENE BENEDITO DA SILVA, 668, SAO JOAO, Itapevi, São Paulo",7,130.0,-23.54889,-46.93417,30,0
3740688,13006,50948371000682,IRMÃOS BOA  LTDA,Irmãos Boa,0,"Rua MARANHAO, 256, Jacaré, Cabreúva, São Paulo",13,260.0,-23.2495822,-47.0561778,30,0
3740689,215671,1444210001537,COMERCIO DE ALIMENTOS ALVES E FARIAS LTD,Rede Parana,0,"Rua OTAVIO RODRIGUES BARBOSA, 219, VILA ROMANOPOLIS, Ferraz de Vasconcelos, São Paulo",98,1920.0,-23.541155,-46.365145,30,0
3740708,14466,50974732000584,COOPERATIVA DE CONSUMO COOPERCICA,Coopercica,0,"Rua MARIA JOSÉ RODRIGUES, 90, Jd.Santa Lucia, Campo Limpo Paulista, São Paulo",18,355.0,-23.2104628,-46.7946342,30,0
3740711,204939,50974732000908,COOPERATIVA DE CONSUMO COOPERCICA,Coopercica,0,"Avenida JOSE TONOLI, 336, Centro, Itupeva, São Paulo",66,1270.0,-23.15306,-47.05778,30,0
3740715,187255,50948371001140,IRMÃOS BOA LTDA,Irmãos Boa,0,"Rua DEMERSON GOMES ROMANO, 386, Centro, Francisco Morato, São Paulo",15,300.0,-23.2868804,-46.7419955,30,0
3740717,203432,34639727000135,MICHEL RICHARD MAGALHAES FRAGOSO,Nenhum,0,"Rua ORLANDIA, 47, Parque Luiza, Embu das Artes, São Paulo",7,140.0,-23.64889,-46.85222,30,0
3740720,12346,472541000112,CASA DE CARNES ALEXANDRA LTDA - ME,Nenhum,0,"Avenida NOSSA SENHORA DA LAPA, 22, Vila Nova, Cubatão, São Paulo",5,100.0,-23.895,-46.42528,30,0
3740736,214391,57096481000106,57.096.481 RODRIGO OLIVEIRA DE SOUSA,Nenhum,0,"Rua BENEDITO ARAUJO NOVAES, 552, Jardim Paulista, Itapevi, São Paulo",9,180.0,-23.5566502,-46.9401478,30,0
3740739,201474,11628012000181,AÇOUGUE DAS MENINAS DALCIN LTDA,Nenhum,0,"Rua JOSE LUIZ LEME MACIEL, 68, Jordanesia, Cajamar, São Paulo",6,120.0,-23.335462,-46.8284617,30,0
3740743,10507,58747692000116,SUP VILA RICA PLUS LTDA,Arcos,0,"Rua LUIZ DE VASCONCELOS, 127, JARDIM MARILEN, Diadema, São Paulo",36,705.0,-23.68611,-46.62278,30,0
3740744,201322,34906898000183,ROSANE DA SILVA VIEIRA 19290074850,Nenhum,0,"Rua OFELIA ALVES FERREIRA, 60, JARDIM YAYA, Carapicuíba, São Paulo",8,160.0,-23.5564628,-46.8342566,30,0
3740747,214940,58284814000185,FAMILIA II SUPERMERCADO LTDA,Nenhum,0,"Praça NOSSA SENHORA APARECIDA, 275, JARDIM VILA GALVAO, Guarulhos, São Paulo",10,200.0,-23.4661663,-46.5594452,30,0
3740748,997,67303602000199,RUTH PEREIRA DE LIMA LATICINIOS ME,Nenhum,0,"Avenida Capitão Francisco Cesar, 1217, Engenho Novo, Barueri, São Paulo",7,140.0,-23.51056,-46.87611,30,0
3740758,208151,48922738000132,CENTRAL CARNES AJ LTDA,Nenhum,0,"Avenida DR. FERNANDO COSTA, 282, Centro, Cajati, São Paulo",12,240.0,-24.73611,-48.12278,30,0
3740759,13478,9658503000123,ELIANE CRISTINA FUKUNAGA ARAUJO MINIMERC,Nenhum,0,"Avenida Miguel de Araujo, 182, Porto Cubatão, Cananéia, São Paulo",6,120.0,-24.97232,-47.94529,30,0
3740762,215285,59476330000109,FRANGO X ROTISSERIA LTDA,Nenhum,0,"Rua CONEGO VALADAO, 1143, GOPOUVA, Guarulhos, São Paulo",12,216.0,-23.4737032,-46.5448854,30,0
3740763,5484,4728243000100,CLAUDEMIR DE MATTOS BALAROTE - ME,Nenhum,0,"Rua MAESTRO EZEQUIAS NARDY, 39, Jd. Padre Bento, Itu, São Paulo",5,100.0,-23.26417,-47.29917,30,0
3740765,9778,2255118000196,CENTER CARNES ROCHA AMORIN LTDA-ME,Nenhum,0,"Rua DA PRATA, 349, Jardim dos Camargos, Barueri, São Paulo",5,100.0,-23.5025874,-46.8674979,30,0
3740768,213615,55599022000101,S ORTEGA COM.PRODUTOS ALIMENTICIOS SLU L,Nenhum,0,"Alameda COLIBRI, 64, MORADA DOS PASSAROS, Barueri, São Paulo",1,20.0,-23.4953736,-46.9513761,30,0
3740770,14048,10655452000165,ADNEUSA DA PAIXÃO ME,Nenhum,0,"Rua Americo Vespucio, 12, Parque Imperial, Barueri, São Paulo",11,210.0,-23.4804833,-46.8052982,30,0
3740775,1211,96584404000149,J.C.A. MENDES E CIA LTDA - ME,Nenhum,0,"Praça DA INDEPENDENCIA, 31, Centro, Itu, São Paulo",3,60.0,-23.2646325,-47.2972233,30,0
3740779,1185,60186376000598,MERCADINHO PIRATININGA LTDA,Piratininga,0,"Avenida DOUTOR JANUARIO MIRAGLIA, 608, Vila Jaguaribe, Campos do Jordão, São Paulo",16,320.0,-22.7437125,-45.5964598,30,0
3740789,210494,51811333000131,SUPERMERCADO OLIVEIRA COMERCIO DE ALIMEN,Nenhum,0,"Rua MARIA CANDIDA TEIXEIRA LACERDA, 615, Vila Veloso, Carapicuíba, São Paulo",5,100.0,-23.52272,-46.835,30,0
3740794,210871,52307317000179,FAMILIA SUPERMERCADOS 1 LTDA,Nenhum,0,"Rua BATISTA CEPELOS, 25, Centro, Cotia, São Paulo",5,100.0,-23.60389,-46.91917,30,0
3740799,205529,40131676000724,COMERCIAL BENZ EIRELI,Nenhum,0,"Rua VICENTE CELESTINO, 184, Parque Mirante da Mata, Cotia, São Paulo",14,280.0,-23.6176627,-46.9548532,30,0
3740800,205534,40131676000643,COMERCIAL BENZ EIRELI,Nenhum,0,"Estrada DA AGUA ESPRAIADA, 2713, CHAC.TROPICAL (CAUCAIA ALTO), Cotia, São Paulo",24,480.0,-23.60389,-46.91917,30,0
3740801,205533,40131676000562,COMERCIAL BENZ EIRELI,Nenhum,0,"Avenida NOSSA SENHORA DO CARMO, 2058, Carmo Messias, Ibiúna, São Paulo",19,380.0,-23.741308,-47.0546442,30,0
3740804,205532,40131676000481,COMERCIAL BENZ EIRELI,Nenhum,0,"Rua QUINZE DE PIRACICABA, 19, Jardim Sandra, Cotia, São Paulo",8,160.0,-23.60389,-46.91917,30,0
3740809,156981,8815800000172,N & N COMERCIO DE ALIMENTOS LTDA,Nenhum,0,"Avenida TENENTE MARQUES, 4131, IPES (POLVILHO), Cajamar, São Paulo",5,100.0,-23.4087947,-46.8495441,30,0
3740816,167082,8571723000152,MERCADINHO PIRATININGA DE GENEROS ALIMEN,Piratininga,0,"Avenida JOSÉ HERCULANO, 7040, Porto Novo, Caraguatatuba, São Paulo",6,120.0,-23.6946544,-45.4422191,30,0
3740818,10478,56786452000286,SUPERMERCADO ALVORADA DE ITU LTDA,Alvorada,0,"Rua ADELIO PAZINATTO, 251, JARDIM AEROPORTO I, Itu, São Paulo",12,240.0,-23.26417,-47.29917,30,0
3740821,201881,36853255000144,SURANA APª RODRIGUES DE CAMPOS 396625258,Nenhum,0,"Rua JOAO DE CAMARGO, 352, PQ RES NOVO MUNDO, Boituva, São Paulo",18,350.0,-23.2628736,-47.6716318,30,0
3740823,10708,4153386000122,MARCELO URZEDO DE OLIVEIRA ELDORADO EPP,Nenhum,0,"Avenida Caraita, 194, Centro, Eldorado, São Paulo",45,900.0,-24.52,-48.10806,30,0
3740833,12000,56311970000162,PAULO NAKADA GUARULHOS-EPP,Nenhum,0,"Rua Lagoa Seca, 660, Jardim Triunfo, Guarulhos, São Paulo",5,100.0,-23.41433,-46.4037699,30,0
3740835,3660,3911397000161,MERCADÃO DA CARNE ABC LTDA,Nenhum,0,"Avenida Lico Maia, 552, Cerraria, Diadema, São Paulo",22,440.0,-23.6992148,-46.6104069,30,0
3740842,213397,55417128000147,GF ALIMENTOS LTDA,Nenhum,0,"Rua RODRIGO FERNANDES, LT 21, JD. SANTA PAULA, Guarulhos, São Paulo",5,100.0,-23.46278,-46.53333,30,0
3740844,751,45019692000158,AVICOLA E MERCEARIA MARIZ LTDA,Nenhum,0,"Avenida BRASILIA, 581, Campanário, Diadema, São Paulo",6,110.0,-23.6682373,-46.6185895,30,0
3740890,197000,31881926000167,SUPERM. JANDIRA LTDA,Nenhum,0,"Avenida DOM PEDRO II, 70, Jardim Imperial, Atibaia, São Paulo",4,80.0,-23.1458027,-46.5801947,30,0
3740892,192234,24335023000115,TAMIRES REGINA BATISTA B.RODRIGUES,Nenhum,0,"Rua PADRE CICERO ROMAO BATISTA, 234, Parque Imperial, Barueri, São Paulo",7,135.0,-23.4886307,-46.8133445,30,0
3740894,207656,14785196000181,IZABEL DOS SANTOS PONTES VAREJISTA DE AL,Nenhum,0,"Rua DR. NUNO SILVA, 220, Centro, Eldorado, São Paulo",5,95.0,-24.52,-48.10806,30,0
3740895,202727,37021479000152,G.V. COMERCIO DE ALIMENTOS LTDA,Nenhum,0,"Rua FRANCISCO TOSCANO, 10, Parque das Rosas, Itu, São Paulo",5,100.0,-23.2798294,-47.298724,30,0
3740898,954,43488980000126,CASA DE CARNES DALCIN LTDA,Nenhum,0,"Rua Prefeito Antonio Garrido, 252, Jordanesia, Cajamar, São Paulo",20,400.0,-23.3362606,-46.8392834,30,0
3740909,202957,7051513000170,AÇOUGUE NOVA VIDA INDAIA LTDA,Nenhum,0,"Rua SERAPHIN GILBERTO CANDELLO, 1519, JD SAO CONRADO, Indaiatuba, São Paulo",7,140.0,-23.08842,-47.2119,30,0
3740911,213789,22893182000100,PURO SABOR SERVIÇOS DE ALIMENTAÇÃO LTDA,Nenhum,0,"Rua SERIEMAS, DAS, 550, VILA MATHIESEN, Americana, São Paulo",11,220.0,-22.7679745,-47.3267778,30,0
3740921,190649,21700212000151,SACOLÃO GRANJA VIANA LTDA,Sacolão Saúde,0,"Rua USHIMA KIRA, S/N, Granja Viana, Cotia, São Paulo",8,140.0,-23.5920398,-46.8348449,30,0
3740927,14108,8413116000164,PATRICIA DE AGUIAR SILVA LTDA ME,Nenhum,0,"Avenida MANOEL ISIDORO MARTINS, 1084, Cidade Martins, Guarulhos, São Paulo",5,100.0,-23.43149,-46.51214,30,0
3740930,205754,44747898000131,MG SUPERMERCADO LTDA,Nenhum,0,"Rua EMILIA PIRES, 365, Centro, Embu-Guaçu, São Paulo",50,1000.0,-23.8294539,-46.8169557,30,0
3740939,10162,7013199000131,SUP. E RESTAURANTE JVA EIRELI,Monte Serrat,0,"Praça SÃO PAULO, 97, Centro, Itupeva, São Paulo",12,240.0,-23.1521891,-47.0570231,30,0
3740940,12905,7013199000212,SUP. E RESTAURANTE JVA EIRELLI,Monte Serrat,0,"Rua JOÃO SABIO GONÇALVES, 132, Jardim Ana Luiza, Itupeva, São Paulo",24,475.0,-23.1582683,-47.0422031,30,0
3740955,208036,44634928000101,J.R.M COMERCIO DE PRODUTOS ALIMENTICIOS ,Nenhum,0,"Rua REMULO ZOPPI, 505, VILA GEORGINA I, Indaiatuba, São Paulo",10,200.0,-23.0785522,-47.2069032,30,0
3740956,208037,44634538000123,J.R.M SUPER COMERCIAL DE ALIMENTOS LTDA,Nenhum,0,"Rua THEODORO MANTOANELLI, 52, Itaici, Indaiatuba, São Paulo",7,140.0,-23.1070653,-47.182188,30,0
3740957,208035,44635150000147,JRM COMERCIAL DE ALIMENTOS LTDA,Nenhum,0,"Rua INDAIAS, DOS, 918, Santa Cruz, Indaiatuba, São Paulo",7,140.0,-23.08842,-47.2119,30,0
3740958,208033,44627773000178,JRM PRODUTOS ALIMENTICIOS LTDA,Nenhum,0,"Avenida vereador jose donato, 1193, Vilarejo, Cabreúva, São Paulo",7,140.0,-23.275325,-47.0495177,30,0
3740960,208031,37111008000135,MIRANDA & MIRANDA SUPERMERCADO LTDA,Nenhum,0,"Rua carlos sthal, 18, Residencial Monte Verde, Indaiatuba, São Paulo",7,140.0,-23.1047535,-47.2338758,30,0
3740961,195459,18372024000137,CASA DE CARNES CHARLOTTE LTDA,Maria Cida,0,"Rua NICOLA FELICE, 36, PARQUE PARAISO, Itapecerica da Serra, São Paulo",1,20.0,-23.71694,-46.84917,30,0
3740963,204045,39895236000179,RCL MERC. AÇOUGUE E PADARIA LTDA,REDE DON,0,"Estrada FAZENDINHA, 281, POUSADA DOS BANDEIRANTES, Carapicuíba, São Paulo",15,300.0,-23.52272,-46.835,30,0
3740971,210933,47335097000823,SUPERBOI COMERCIO DE CARNES LTDA,Rede Estoril,0,"Rua LOUVEIRA, 541, JARDIM MARILENA, Guarulhos, São Paulo",6,120.0,-23.423113,-46.4937482,30,0
3740973,210852,52098579000170,ACOUGUE QUILO E GRAMA LTDA,Nenhum,0,"Avenida PRESIDENTE JUSCELINO, 333, Piraporinha, Diadema, São Paulo",5,100.0,-23.6830194,-46.5922176,30,0
3740980,210770,50273744000158,50.273.744 JARDIEL DA SILVA BARBOSA,Nenhum,0,"Rua NOSSA SENHORA APARECIDA, 31, Vila das Malvinas, Guarulhos, São Paulo",9,180.0,-23.4595654,-46.5081069,30,0
3740985,200568,51033629000179,PROENÇA COM. DE HORTIFRUTI LTDA,Nenhum,0,"Avenida AYRTON SENNA DA SILVA, 450, VILA JAQUITIBAS, Campinas, São Paulo",6,120.0,-22.90556,-47.06083,30,0
3740987,167082,8571723000152,MERCADINHO PIRATININGA DE GENEROS ALIMEN,Piratininga,0,"Avenida JOSÉ HERCULANO, 7040, Porto Novo, Caraguatatuba, São Paulo",14,275.0,-23.6946544,-45.4422191,30,0
3740989,213970,55806741000156,SUPERMERCADO PANDA 2 LTDA,Nenhum,0,"Avenida COMENDADOR DANTE CARRARO, 576, Cidade Ariston Estela Azevedo, Carapicuíba, São Paulo",4,80.0,-23.5340401,-46.8534601,30,0
3740992,215696,76430438014121,IRMÃOS MUFFATO S.A,REDE MUFFATO,0,"Avenida RICARDO BASSOLI CEZARE, 1567, Jardim das Bandeiras, Campinas, São Paulo",34,675.0,-22.9495493,-47.0928675,30,0
3740999,215418,53449951000109,MANAGON ACOUGUE LTDA,Nenhum,0,"Rua CLAUDIO MANOEL DA COSTA, 43, Parque Imperial, Barueri, São Paulo",5,100.0,-23.4831217,-46.8053765,30,0
3741048,802,1444210000131,COMERCIO DE ALIMENTOS ALVES E FARIAS LTD,Rede Parana,0,"Rua OSVALDO RAMOS, 100, Parque Mikail, Guarulhos, São Paulo",72,1405.0,-23.46278,-46.53333,30,0
